{
  "characterstart_1_": {
    "width": 1.01976,
    "height": 4.82822,
    "x": 6.14032,
    "y": -19.10941
  },
  "end_1_": {
    "width": 1.5038,
    "height": 2.4141,
    "x": 85.49329,
    "y": -16.66067
  },
  "door": {
    "width": 2.28092,
    "height": 11.37915,
    "x": 23.85191,
    "y": -5.689575
  },
  "hole": {
    "width": 19.998440000000002,
    "height": 4.93066,
    "x": 59.990719999999996,
    "y": -21.518860000000004
  },
  "groundcage1_24_": {
    "width": 9.99921,
    "height": 3.6558100000000002,
    "x": 44.991895,
    "y": -23.351435000000002
  },
  "groundcage1_23_": {
    "width": 9.999220000000001,
    "height": 3.6558100000000002,
    "x": 54.99110999999999,
    "y": -25.812095
  },
  "groundcage1_6_": {
    "width": 9.999220000000001,
    "height": 3.6558100000000002,
    "x": 64.99033,
    "y": -25.812105000000003
  },
  "groundcage1_26_": {
    "width": 9.999220000000001,
    "height": 3.6558100000000002,
    "x": 84.97955,
    "y": -23.351435000000002
  },
  "groundcage1_25_": {
    "width": 9.999220000000001,
    "height": 3.6557999999999997,
    "x": 74.99416000000001,
    "y": -19.695619999999998
  },
  "groundcage1_22_": {
    "width": 9.999220000000001,
    "height": 3.6557999999999997,
    "x": 84.98416,
    "y": -19.695619999999998
  },
  "platformcage1_3_": {
    "width": 4.35,
    "height": 2.47,
    "x": 47.81649999999999,
    "y": -20.28853
  },
  "platformcage1_7_": {
    "width": 4.35,
    "height": 2.47,
    "x": 43.46648,
    "y": -20.28853
  },
  "platformcage1_87_": {
    "width": 4.35,
    "height": 2.47,
    "x": 39.116479999999996,
    "y": -20.28853
  },
  "platformcage1_8_": {
    "width": 4.35,
    "height": 2.47,
    "x": 34.76647,
    "y": -20.28853
  },
  "groundcage1_2_": {
    "width": 9.999220000000001,
    "height": 3.6558100000000002,
    "x": 4.995030000000001,
    "y": -23.351435000000002
  },
  "groundcage1_20_": {
    "width": 9.999220000000001,
    "height": 3.6558100000000002,
    "x": 34.99268,
    "y": -23.351435000000002
  },
  "groundcage1_3_": {
    "width": 9.999220000000001,
    "height": 3.6558100000000002,
    "x": 14.99424,
    "y": -23.351435000000002
  },
  "groundcage1_21_": {
    "width": 9.999220000000001,
    "height": 3.6558100000000002,
    "x": 24.99346,
    "y": -23.351435000000002
  },
  "groundcage1_51_": {
    "width": 9.99921,
    "height": 3.6558100000000002,
    "x": 44.991895,
    "y": -27.007245000000005
  },
  "groundcage1_55_": {
    "width": 9.999220000000001,
    "height": 3.6558100000000002,
    "x": 4.995030000000001,
    "y": -27.007245000000005
  },
  "groundcage1_54_": {
    "width": 9.999220000000001,
    "height": 3.6558100000000002,
    "x": 34.99268,
    "y": -27.007245000000005
  },
  "groundcage1_53_": {
    "width": 9.999220000000001,
    "height": 3.6558100000000002,
    "x": 14.99424,
    "y": -27.007245000000005
  },
  "groundcage1_52_": {
    "width": 9.999220000000001,
    "height": 3.6558100000000002,
    "x": 24.99346,
    "y": -27.007245000000005
  },
  "groundcage1_57_": {
    "width": 9.999220000000001,
    "height": 3.6558100000000002,
    "x": 74.99877000000001,
    "y": -27.007245000000005
  },
  "groundcage1_56_": {
    "width": 9.99921,
    "height": 3.6558100000000002,
    "x": 84.988775,
    "y": -27.007245000000005
  },
  "spades_8_": {
    "width": 4.35,
    "height": 0.42841999999999997,
    "x": 52.16649999999999,
    "y": -23.769980000000004
  },
  "spades_13_": {
    "width": 4.35,
    "height": 0.42841999999999997,
    "x": 56.51649999999999,
    "y": -23.769980000000004
  },
  "spades_16_": {
    "width": 4.35,
    "height": 0.42841999999999997,
    "x": 60.866499999999995,
    "y": -23.769980000000004
  },
  "spades_14_": {
    "width": 4.35,
    "height": 0.42841999999999997,
    "x": 65.2165,
    "y": -23.769980000000004
  },
  "spades_17_": {
    "width": 4.35,
    "height": 0.42841999999999997,
    "x": 69.56649999999999,
    "y": -23.769980000000004
  },
  "groundcage1_5_": {
    "width": 9.999220000000001,
    "height": 3.6558100000000002,
    "x": 74.98955,
    "y": -23.351435000000002
  }
}