{
  "backlayer1_323_": {
    "width": 5.830030000000001,
    "height": 4.1125,
    "x": 12.974155,
    "y": -5.77758
  },
  "backlayer1_1_": {
    "width": 5.830030000000001,
    "height": 4.1125,
    "x": 54.758275,
    "y": -5.77758
  },
  "backlayer1_3_": {
    "width": 5.830030000000001,
    "height": 4.1125,
    "x": 101.25382499999999,
    "y": -5.77758
  },
  "characterstart": {
    "width": 0.8517600000000001,
    "height": 4.03285,
    "x": 6.947030000000001,
    "y": -14.980125
  },
  "groundcage1_16_": {
    "width": 8.351989999999999,
    "height": 3.05357,
    "x": 9.175995,
    "y": -18.516895
  },
  "groundcage1_1_": {
    "width": 8.351989999999999,
    "height": 3.05357,
    "x": 17.527995,
    "y": -18.516895
  },
  "groundcage1_3_": {
    "width": 8.352,
    "height": 3.05357,
    "x": 25.879980000000003,
    "y": -18.516895
  },
  "groundcage4": {
    "width": 8.351989999999999,
    "height": 3.05357,
    "x": 34.231975,
    "y": -18.516895
  },
  "groundcage1_8_": {
    "width": 8.351989999999999,
    "height": 3.05357,
    "x": 42.583954999999996,
    "y": -18.516895
  },
  "groundcage4_1_": {
    "width": 8.351989999999999,
    "height": 3.05357,
    "x": 50.935955,
    "y": -18.516895
  },
  "groundcage1_6_": {
    "width": 8.35201,
    "height": 3.05357,
    "x": 59.28794500000001,
    "y": -18.516895
  },
  "groundcage1_14_": {
    "width": 8.351989999999999,
    "height": 3.05357,
    "x": 71.27334499999999,
    "y": -21.573675
  },
  "groundcage1_13_": {
    "width": 8.352,
    "height": 3.05357,
    "x": 79.62534000000001,
    "y": -21.573675
  },
  "groundcage4_2_": {
    "width": 8.352,
    "height": 3.05357,
    "x": 62.921350000000004,
    "y": -21.573675
  },
  "groundcage1_4_": {
    "width": 8.351989999999999,
    "height": 3.05357,
    "x": 71.27334499999999,
    "y": -18.516895
  },
  "groundcage4_3_": {
    "width": 8.351989999999999,
    "height": 3.05357,
    "x": 96.32934499999999,
    "y": -20.581845
  },
  "groundcage1_12_": {
    "width": 8.351989999999999,
    "height": 3.05357,
    "x": 102.51479499999999,
    "y": -19.516995
  },
  "groundcage1_2_": {
    "width": 8.351989999999999,
    "height": 3.05357,
    "x": 102.51479499999999,
    "y": -22.570574999999998
  },
  "groundcage1_11_": {
    "width": 8.351989999999999,
    "height": 3.05357,
    "x": 87.977345,
    "y": -20.581845
  },
  "groundcage1_10_": {
    "width": 8.351989999999999,
    "height": 3.05357,
    "x": 102.51479499999999,
    "y": -16.463425
  },
  "groundcage1_5_": {
    "width": 8.351989999999999,
    "height": 3.05357,
    "x": 79.625355,
    "y": -18.507915
  },
  "platformcage2_3_": {
    "width": 3.63341,
    "height": 2.0631,
    "x": 25.691065000000002,
    "y": -11.83228
  },
  "platformcage3": {
    "width": 3.63339,
    "height": 2.06311,
    "x": 14.790854999999999,
    "y": -15.958475
  },
  "platformcage1_9_": {
    "width": 3.63341,
    "height": 2.0631,
    "x": 29.324475,
    "y": -13.89537
  },
  "platformcage1_86_": {
    "width": 3.6334,
    "height": 2.06311,
    "x": 36.591269999999994,
    "y": -15.958514999999998
  },
  "platformcage2_7_": {
    "width": 3.6334,
    "height": 2.0631,
    "x": 36.591269999999994,
    "y": -9.76913
  },
  "platformcage2_8_": {
    "width": 3.6334,
    "height": 2.0631,
    "x": 40.22467999999999,
    "y": -9.76913
  },
  "platformcage2_1_": {
    "width": 3.6334199999999996,
    "height": 2.0631,
    "x": 54.75829,
    "y": -15.94959
  },
  "platformcage3_1_": {
    "width": 3.6334,
    "height": 2.06312,
    "x": 18.42425,
    "y": -15.94964
  },
  "platformcage3_3_": {
    "width": 3.6334,
    "height": 2.06312,
    "x": 22.057660000000002,
    "y": -15.95406
  },
  "platformcage3_2_": {
    "width": 3.6334,
    "height": 2.06312,
    "x": 25.691060000000004,
    "y": -15.945210000000001
  },
  "platformcage3_4_": {
    "width": 3.6334,
    "height": 2.06311,
    "x": 22.057660000000002,
    "y": -13.895375000000001
  },
  "platformcage1_6_": {
    "width": 3.6334,
    "height": 2.06311,
    "x": 18.42425,
    "y": -13.895375000000001
  },
  "platformcage2_2_": {
    "width": 3.63341,
    "height": 2.06311,
    "x": 25.691065000000002,
    "y": -13.895375000000001
  },
  "platformcage3_5_": {
    "width": 3.6334,
    "height": 2.06312,
    "x": 29.32447,
    "y": -11.82342
  },
  "platformcage3_6_": {
    "width": 3.6334,
    "height": 2.06312,
    "x": 29.32447,
    "y": -15.95852
  },
  "platformcage3_10_": {
    "width": 3.6334,
    "height": 2.06311,
    "x": 36.591289999999994,
    "y": -13.895375000000001
  },
  "platformcage3_11_": {
    "width": 3.6334,
    "height": 2.06312,
    "x": 40.224689999999995,
    "y": -15.94964
  },
  "platformcage3_19_": {
    "width": 3.6334,
    "height": 2.06311,
    "x": 81.98466,
    "y": -15.968195000000001
  },
  "platformcage4": {
    "width": 3.6334199999999996,
    "height": 2.06311,
    "x": 74.71785,
    "y": -15.968195000000001
  },
  "platformcage3_21_": {
    "width": 3.63336,
    "height": 2.06311,
    "x": 71.08446,
    "y": -15.968195000000001
  },
  "platformcage4_1_": {
    "width": 3.6334199999999996,
    "height": 2.0631,
    "x": 78.35127,
    "y": -15.94959
  },
  "platformcage4_2_": {
    "width": 3.63341,
    "height": 2.06312,
    "x": 58.391695,
    "y": -15.94964
  },
  "platformcage4_3_": {
    "width": 3.6334,
    "height": 2.0631,
    "x": 54.758289999999995,
    "y": -13.88653
  },
  "platformcage4_12_": {
    "width": 3.6334199999999996,
    "height": 2.06311,
    "x": 47.491479999999996,
    "y": -9.772455
  },
  "platformcage4_11_": {
    "width": 3.63341,
    "height": 2.06312,
    "x": 47.491485,
    "y": -15.96177
  },
  "platformcage4_10_": {
    "width": 3.6334199999999996,
    "height": 2.0631,
    "x": 47.491479999999996,
    "y": -13.89866
  },
  "platformcage4_9_": {
    "width": 3.6334199999999996,
    "height": 2.06311,
    "x": 47.491479999999996,
    "y": -11.835555
  },
  "platformcage4_5_": {
    "width": 3.6334,
    "height": 2.06311,
    "x": 40.22467999999999,
    "y": -11.835555
  },
  "platformcage4_4_": {
    "width": 3.6334,
    "height": 2.0631,
    "x": 40.22467999999999,
    "y": -13.89866
  },
  "platformcage4_6_": {
    "width": 3.6334,
    "height": 2.06311,
    "x": 36.591269999999994,
    "y": -11.835555
  },
  "end_2_": {
    "width": 2.5121700000000002,
    "height": 4.03284,
    "x": 103.77087499999999,
    "y": -12.92022
  },
  "spadesdown_3_": {
    "width": 3.6333800000000003,
    "height": 0.35975999999999997,
    "x": 43.85808,
    "y": -16.81344
  },
  "spadesdown_1_": {
    "width": 3.6333800000000003,
    "height": 0.35975999999999997,
    "x": 32.95787,
    "y": -16.81019
  },
  "spadesdown_2_": {
    "width": 3.6333800000000003,
    "height": 0.35975999999999997,
    "x": 51.124880000000005,
    "y": -16.81344
  },
  "spadesdown_4_": {
    "width": 3.6334,
    "height": 0.35977,
    "x": 65.28066,
    "y": -19.867015
  },
  "spadesdown_5_": {
    "width": 3.63339,
    "height": 0.35975,
    "x": 85.618065,
    "y": -18.875185
  },
  "spadesdown_6_": {
    "width": 3.6333699999999998,
    "height": 0.35975,
    "x": 89.25143500000001,
    "y": -18.875185
  },
  "spadesdown_7_": {
    "width": 3.6333800000000003,
    "height": 0.35975,
    "x": 92.88480999999999,
    "y": -18.875185
  },
  "spadesdown_8_": {
    "width": 3.6334199999999996,
    "height": 0.35975,
    "x": 96.5182,
    "y": -18.875185
  },
  "blank_1_": {
    "width": 2.15518,
    "height": 20.04368,
    "x": 3.92242,
    "y": -10.02184
  },
  "blank": {
    "width": 2.1552000000000002,
    "height": 20.04368,
    "x": 107.76839,
    "y": -10.559999999999999
  }
}