{
  "groundcage1": {
    "width": 10.05547,
    "height": 1.3408699999999998,
    "x": 0.05027735,
    "y": -20.66043435
  },
  "groundcage2": {
    "width": 10.01797,
    "height": 1.3408699999999998,
    "x": 10.105549850000001,
    "y": -20.66043435
  },
  "groundcage3": {
    "width": 10.01797,
    "height": 1.34089,
    "x": 40.15944985,
    "y": -20.660434450000004
  },
  "groundcage1_1_": {
    "width": 9.86797,
    "height": 1.34089,
    "x": 50.17665984999999,
    "y": -20.660434450000004
  },
  "groundcage3_1_": {
    "width": 10.01797,
    "height": 1.34089,
    "x": 30.14147985,
    "y": -20.660434450000004
  },
  "groundcage4": {
    "width": 10.01796,
    "height": 1.34089,
    "x": 20.1235098,
    "y": -20.660434450000004
  },
  "characterstart": {
    "width": 1.01976,
    "height": 4.82822,
    "x": 5.6026088,
    "y": -15.849651099999999
  },
  "end": {
    "width": 1.50381,
    "height": 2.4141,
    "x": 53.565019050000004,
    "y": -11.0093705
  },
  "platformcage1_2_": {
    "width": 3.8364299999999996,
    "height": 2.4141,
    "x": 33.162442150000004,
    "y": -18.251720499999998
  },
  "platformcage3_2_": {
    "width": 7.66746,
    "height": 7.242319999999999,
    "x": 52.3595473,
    "y": -13.4476216
  },
  "platformcage2_5_": {
    "width": 3.83372,
    "height": 4.82826,
    "x": 40.8325886,
    "y": -15.8496313
  },
  "platformcage3_1_": {
    "width": 7.66745,
    "height": 7.242319999999999,
    "x": 44.67885725,
    "y": -13.4476216
  },
  "platformcage2_2_": {
    "width": 3.83373,
    "height": 4.82826,
    "x": 36.99885865,
    "y": -15.8496313
  },
  "platformcage1_4_": {
    "width": 3.83642,
    "height": 2.4141,
    "x": 29.3260321,
    "y": -18.251720499999998
  }
}