{
  "pillevolutionb_1_": {
    "width": 0.60671,
    "height": 0.74041,
    "x": 23.020275,
    "y": -34.182335
  },
  "characterstart_4_": {
    "width": 1.01975,
    "height": 4.82823,
    "x": 3.660695,
    "y": -38.098075
  },
  "end_3_": {
    "width": 1.5038200000000002,
    "height": 2.4141,
    "x": 51.93025,
    "y": -9.38313
  },
  "platformcage2_17_": {
    "width": 4.35,
    "height": 2.47,
    "x": 23.02027,
    "y": -38.99514
  },
  "groundcage1_27_": {
    "width": 9.99921,
    "height": 3.6557999999999997,
    "x": 4.999595,
    "y": -42.058189999999996
  },
  "groundcage1_11_": {
    "width": 9.99921,
    "height": 3.6557999999999997,
    "x": 14.998805,
    "y": -42.058189999999996
  },
  "groundcage1_29_": {
    "width": 9.999220000000001,
    "height": 3.6557999999999997,
    "x": 24.99803,
    "y": -42.058189999999996
  },
  "groundcage1_28_": {
    "width": 9.999220000000001,
    "height": 3.6557999999999997,
    "x": 34.99725,
    "y": -42.058189999999996
  },
  "groundcage1_31_": {
    "width": 9.99921,
    "height": 3.6557999999999997,
    "x": 44.996465,
    "y": -42.058189999999996
  },
  "groundcage1_30_": {
    "width": 9.99921,
    "height": 3.6557999999999997,
    "x": 54.995675000000006,
    "y": -42.058189999999996
  },
  "platformcage2_1_": {
    "width": 4.35,
    "height": 2.47,
    "x": 23.02027,
    "y": -36.52514
  },
  "platformcage2_13_": {
    "width": 4.35,
    "height": 2.47,
    "x": 53.47028,
    "y": -38.995239999999995
  },
  "platformcage2_35_": {
    "width": 4.35,
    "height": 2.47,
    "x": 49.12028,
    "y": -38.995239999999995
  },
  "platformcage1_12_": {
    "width": 4.35,
    "height": 2.47,
    "x": 40.420269999999995,
    "y": -38.99523
  },
  "platformcage1_17_": {
    "width": 4.35,
    "height": 2.47,
    "x": 31.720270000000003,
    "y": -38.99521
  },
  "platformcage1_1_": {
    "width": 4.35,
    "height": 2.46999,
    "x": 31.720270000000003,
    "y": -34.055184999999994
  },
  "platformcage2_22_": {
    "width": 4.35,
    "height": 2.47,
    "x": 31.720270000000003,
    "y": -36.52518
  },
  "platformcage1_11_": {
    "width": 4.35,
    "height": 2.46999,
    "x": 31.720270000000003,
    "y": -29.115185
  },
  "platformcage2_24_": {
    "width": 4.35,
    "height": 2.4700100000000003,
    "x": 31.720270000000003,
    "y": -31.585185000000003
  },
  "platformcage1_5_": {
    "width": 4.35,
    "height": 2.46999,
    "x": 31.720270000000003,
    "y": -26.645195
  },
  "platformcage2_26_": {
    "width": 4.35,
    "height": 2.47,
    "x": 40.420269999999995,
    "y": -36.52514
  },
  "platformcage2_76_": {
    "width": 4.35,
    "height": 2.47,
    "x": 40.42028,
    "y": -34.05515
  },
  "platformcage1_16_": {
    "width": 4.35,
    "height": 2.46999,
    "x": 40.420269999999995,
    "y": -31.585155000000004
  },
  "platformcage1_15_": {
    "width": 4.35,
    "height": 2.46999,
    "x": 40.420269999999995,
    "y": -26.645155000000003
  },
  "platformcage2_23_": {
    "width": 4.35001,
    "height": 2.4700100000000003,
    "x": 40.420275,
    "y": -29.115155
  },
  "platformcage1_14_": {
    "width": 4.35,
    "height": 2.47,
    "x": 40.42026,
    "y": -24.17516
  },
  "platformcage1_13_": {
    "width": 4.35,
    "height": 2.47,
    "x": 40.420269999999995,
    "y": -21.70516
  },
  "platformcage2_11_": {
    "width": 4.35,
    "height": 2.47,
    "x": 40.42026,
    "y": -19.23516
  },
  "platformcage2_9_": {
    "width": 4.34999,
    "height": 2.47,
    "x": 40.420265,
    "y": -16.76517
  },
  "platformcage2_29_": {
    "width": 4.35,
    "height": 2.47,
    "x": 40.42026,
    "y": -14.29517
  },
  "platformcage2_27_": {
    "width": 4.35,
    "height": 2.47,
    "x": 40.420269999999995,
    "y": -11.82517
  },
  "platformcage2_37_": {
    "width": 4.35,
    "height": 2.47,
    "x": 53.47028,
    "y": -36.52516
  },
  "platformcage2_25_": {
    "width": 4.35,
    "height": 2.47,
    "x": 53.47029,
    "y": -34.05516
  },
  "platformcage1_26_": {
    "width": 4.35,
    "height": 2.47,
    "x": 53.47028,
    "y": -31.585160000000002
  },
  "platformcage1_24_": {
    "width": 4.35,
    "height": 2.47,
    "x": 53.47028,
    "y": -29.11516
  },
  "platformcage2_33_": {
    "width": 4.34999,
    "height": 2.47,
    "x": 53.47027500000001,
    "y": -26.64516
  },
  "platformcage2_32_": {
    "width": 4.35,
    "height": 2.47,
    "x": 53.47027,
    "y": -24.17516
  },
  "platformcage2_31_": {
    "width": 4.35,
    "height": 2.47,
    "x": 53.47028,
    "y": -21.70517
  },
  "platformcage1_18_": {
    "width": 4.35,
    "height": 2.47,
    "x": 53.47028,
    "y": -19.23518
  },
  "platformcage2_28_": {
    "width": 4.35,
    "height": 2.47,
    "x": 53.47028,
    "y": -16.76518
  },
  "platformcage2_15_": {
    "width": 4.35,
    "height": 2.47,
    "x": 53.47028,
    "y": -14.29518
  },
  "platformcage1_21_": {
    "width": 4.35,
    "height": 2.47,
    "x": 53.47028,
    "y": -11.82519
  },
  "platformcage1_90_": {
    "width": 4.35,
    "height": 2.46999,
    "x": 49.12028,
    "y": -36.525155
  },
  "platformcage1_89_": {
    "width": 4.35,
    "height": 2.47,
    "x": 49.12028,
    "y": -34.05516
  },
  "platformcage1_28_": {
    "width": 4.35,
    "height": 2.47,
    "x": 49.12028,
    "y": -31.585160000000002
  },
  "platformcage1_27_": {
    "width": 4.35,
    "height": 2.46999,
    "x": 49.12027,
    "y": -29.115165
  },
  "platformcage1_25_": {
    "width": 4.35,
    "height": 2.47,
    "x": 49.12027,
    "y": -26.64516
  },
  "platformcage2_38_": {
    "width": 4.35,
    "height": 2.47,
    "x": 49.12027,
    "y": -24.17516
  },
  "platformcage1_91_": {
    "width": 4.35,
    "height": 2.47,
    "x": 49.12028,
    "y": -21.70518
  },
  "platformcage1_29_": {
    "width": 4.35,
    "height": 2.47,
    "x": 49.12027,
    "y": -19.23518
  },
  "platformcage1_23_": {
    "width": 4.35,
    "height": 2.47,
    "x": 49.12027,
    "y": -16.76518
  },
  "platformcage2_77_": {
    "width": 4.35,
    "height": 2.47,
    "x": 49.120259999999995,
    "y": -14.29518
  },
  "platformcage2_34_": {
    "width": 4.34999,
    "height": 2.47,
    "x": 49.12027500000001,
    "y": -11.82519
  },
  "spades_7_": {
    "width": 4.35,
    "height": 0.42841999999999997,
    "x": 44.77028,
    "y": -40.016090000000005
  },
  "spades_9_": {
    "width": 4.35,
    "height": 0.42841999999999997,
    "x": 36.07027,
    "y": -40.016090000000005
  },
  "spades_10_": {
    "width": 4.35,
    "height": 0.42841999999999997,
    "x": 27.37027,
    "y": -40.016040000000004
  },
  "spades_11_": {
    "width": 4.35,
    "height": 0.42841999999999997,
    "x": 18.670270000000002,
    "y": -40.016040000000004
  },
  "spades_4_": {
    "width": 4.35,
    "height": 0.42841999999999997,
    "x": 57.82029,
    "y": -40.016040000000004
  }
}