{
  "characterstart": {
    "width": 1.01976,
    "height": 4.82822,
    "x": 5.5073799999999995,
    "y": -18.37198
  },
  "end": {
    "width": 1.5038,
    "height": 2.41411,
    "x": 53.46818,
    "y": -12.168955
  },
  "groundcage1_12_": {
    "width": 9.999220000000001,
    "height": 3.6558100000000002,
    "x": 4.9975000000000005,
    "y": -22.613995
  },
  "groundcage1_1_": {
    "width": 9.999220000000001,
    "height": 3.6558100000000002,
    "x": 14.99672,
    "y": -22.613995
  },
  "groundcage1_16_": {
    "width": 9.99921,
    "height": 3.6558100000000002,
    "x": 24.995935,
    "y": -22.613995
  },
  "groundcage1_17_": {
    "width": 9.9992,
    "height": 3.6558100000000002,
    "x": 34.99514,
    "y": -22.613995
  },
  "groundcage1_18_": {
    "width": 9.999220000000001,
    "height": 3.6558100000000002,
    "x": 44.99436,
    "y": -22.613995
  },
  "groundcage1_19_": {
    "width": 9.999220000000001,
    "height": 3.6558100000000002,
    "x": 54.99356999999999,
    "y": -22.613995
  },
  "platformcage1_84_": {
    "width": 4.35,
    "height": 2.47,
    "x": 40.41818,
    "y": -19.55109
  },
  "platformcage2_2_": {
    "width": 4.35,
    "height": 2.46999,
    "x": 40.41818,
    "y": -17.081005
  },
  "platformcage2_3_": {
    "width": 4.35,
    "height": 2.47,
    "x": 44.76818,
    "y": -14.61101
  },
  "platformcage2_5_": {
    "width": 4.35,
    "height": 2.47,
    "x": 31.718180000000004,
    "y": -19.551
  },
  "platformcage2_6_": {
    "width": 4.35,
    "height": 2.46999,
    "x": 36.06818,
    "y": -17.081005
  },
  "platformcage2_75_": {
    "width": 4.35,
    "height": 2.47,
    "x": 36.06818,
    "y": -19.551
  },
  "platformcage1_2_": {
    "width": 4.35,
    "height": 2.47,
    "x": 44.76818,
    "y": -19.55109
  },
  "platformcage1_4_": {
    "width": 4.35,
    "height": 2.47,
    "x": 49.11818,
    "y": -19.55109
  },
  "platformcage1_6_": {
    "width": 4.35,
    "height": 2.46999,
    "x": 44.76818,
    "y": -17.081005
  },
  "platformcage1_9_": {
    "width": 4.35,
    "height": 2.46999,
    "x": 49.11818,
    "y": -17.081005
  },
  "platformcage1_10_": {
    "width": 4.35,
    "height": 2.47,
    "x": 49.11818,
    "y": -14.61101
  },
  "platformcage1_85_": {
    "width": 4.35,
    "height": 2.46999,
    "x": 53.46818,
    "y": -14.611005
  },
  "platformcage1_86_": {
    "width": 4.35,
    "height": 2.47,
    "x": 53.46818,
    "y": -19.55109
  },
  "platformcage2_4_": {
    "width": 4.35,
    "height": 2.46999,
    "x": 53.46818,
    "y": -17.081005
  },
  "platformcage2_7_": {
    "width": 4.35,
    "height": 2.47,
    "x": 57.81818,
    "y": -14.61101
  },
  "platformcage2_8_": {
    "width": 4.35,
    "height": 2.46999,
    "x": 57.81818,
    "y": -17.081005
  },
  "platformcage2_16_": {
    "width": 4.35,
    "height": 2.47,
    "x": 57.81818,
    "y": -19.55109
  }
}