{
  "groundcage2_4_": {
    "width": 10.01796,
    "height": 5.866280000000001,
    "x": 5.01835,
    "y": -20.154860000000003
  },
  "groundcage4_1_": {
    "width": 10.01797,
    "height": 5.866269999999999,
    "x": 15.036304999999999,
    "y": -26.021185
  },
  "groundcage1_7_": {
    "width": 10.01796,
    "height": 5.866280000000001,
    "x": 25.56416,
    "y": -20.154870000000003
  },
  "groundcage3_3_": {
    "width": 10.01797,
    "height": 5.866359999999999,
    "x": 15.036304999999999,
    "y": -20.15486
  },
  "groundcage3_5_": {
    "width": 10.01797,
    "height": 5.866359999999999,
    "x": 35.582115,
    "y": -20.15486
  },
  "groundcage1_4_": {
    "width": 10.01796,
    "height": 5.866269999999999,
    "x": 25.56416,
    "y": -26.021185
  },
  "groundcage2_6_": {
    "width": 10.01796,
    "height": 5.54629,
    "x": 25.054260000000003,
    "y": -32.041095
  },
  "groundcage1_8_": {
    "width": 10.01796,
    "height": 5.86629,
    "x": 15.03631,
    "y": -31.881095000000002
  },
  "groundcage1_9_": {
    "width": 10.01796,
    "height": 5.54629,
    "x": 35.07222,
    "y": -32.041095
  },
  "groundcage2_7_": {
    "width": 10.01796,
    "height": 5.54629,
    "x": 45.09019,
    "y": -32.041095
  },
  "groundcage1_10_": {
    "width": 10.52787,
    "height": 5.54629,
    "x": 55.363105000000004,
    "y": -32.041095
  },
  "groundcage2_8_": {
    "width": 10.017949999999999,
    "height": 5.85994,
    "x": 35.582115,
    "y": -26.01798
  },
  "groundcage2_5_": {
    "width": 10.01796,
    "height": 5.866280000000001,
    "x": 45.600080000000005,
    "y": -20.154870000000003
  },
  "groundcage3_4_": {
    "width": 10.01797,
    "height": 5.866359999999999,
    "x": 55.618055000000005,
    "y": -20.15486
  },
  "spades_1_": {
    "width": 5.76385,
    "height": 0.42841999999999997,
    "x": 34.716275,
    "y": -17.006030000000003
  },
  "end_2_": {
    "width": 0.7519100000000001,
    "height": 0.8678100000000001,
    "x": 50.099165,
    "y": -28.834045
  },
  "platformcage1_1_": {
    "width": 3.83642,
    "height": 2.4141,
    "x": 29.91614,
    "y": -16.01313
  },
  "platformcage2": {
    "width": 3.83372,
    "height": 4.82826,
    "x": 39.51505,
    "y": -14.806099999999999
  },
  "platformcage3": {
    "width": 7.66745,
    "height": 7.242319999999999,
    "x": 51.029475,
    "y": -13.596079999999999
  },
  "spades_3_": {
    "width": 5.76384,
    "height": 0.42841999999999997,
    "x": 44.313829999999996,
    "y": -17.006030000000003
  },
  "spades_4_": {
    "width": 5.76384,
    "height": 0.42841999999999997,
    "x": 57.74512,
    "y": -17.003040000000002
  },
  "pillevolutiona": {
    "width": 0.60671,
    "height": 0.74041,
    "x": 52.941415,
    "y": -8.983835000000001
  },
  "groundcage2_9_": {
    "width": 10.01796,
    "height": 5.86629,
    "x": 5.01835,
    "y": -31.881095000000002
  },
  "groundcage2_10_": {
    "width": 10.01796,
    "height": 5.866269999999999,
    "x": 5.01835,
    "y": -26.021185
  },
  "characterstart_2_": {
    "width": 1.01976,
    "height": 4.82822,
    "x": 3.12822,
    "y": -14.806079999999998
  }
}