{
  "groundcage2_4_": {
    "width": 10.01796,
    "height": 5.866280000000001,
    "x": 0.05945980000000001,
    "y": -17.2510514
  },
  "groundcage4_1_": {
    "width": 10.01797,
    "height": 5.866269999999999,
    "x": 10.07740985,
    "y": -23.117381350000002
  },
  "groundcage1_7_": {
    "width": 10.01796,
    "height": 5.866280000000001,
    "x": 20.605269800000002,
    "y": -17.2510614
  },
  "groundcage3_3_": {
    "width": 10.01797,
    "height": 5.866359999999999,
    "x": 10.07740985,
    "y": -17.2510118
  },
  "groundcage3_5_": {
    "width": 10.01797,
    "height": 5.866359999999999,
    "x": 30.62321985,
    "y": -17.2510118
  },
  "groundcage1_4_": {
    "width": 10.01796,
    "height": 5.866269999999999,
    "x": 20.605269800000002,
    "y": -23.117381350000002
  },
  "groundcage2_6_": {
    "width": 10.01796,
    "height": 5.54629,
    "x": 20.0953698,
    "y": -29.295681450000004
  },
  "groundcage1_8_": {
    "width": 10.01796,
    "height": 5.86629,
    "x": 10.0774198,
    "y": -28.97728145
  },
  "groundcage1_9_": {
    "width": 10.01796,
    "height": 5.54629,
    "x": 30.113329800000002,
    "y": -29.295681450000004
  },
  "groundcage2_7_": {
    "width": 10.01796,
    "height": 5.54629,
    "x": 40.1312998,
    "y": -29.295681450000004
  },
  "groundcage1_10_": {
    "width": 10.52787,
    "height": 5.54629,
    "x": 50.15180935,
    "y": -29.295681450000004
  },
  "groundcage2_8_": {
    "width": 10.017949999999999,
    "height": 5.85994,
    "x": 30.62322975,
    "y": -23.1173097
  },
  "groundcage2_5_": {
    "width": 10.01796,
    "height": 5.866280000000001,
    "x": 40.6411898,
    "y": -17.2510614
  },
  "groundcage3_4_": {
    "width": 10.01797,
    "height": 5.866359999999999,
    "x": 50.65915985000001,
    "y": -17.2510118
  },
  "spades_1_": {
    "width": 5.76385,
    "height": 0.42841999999999997,
    "x": 31.863169250000002,
    "y": -16.7939621
  },
  "end_2_": {
    "width": 0.7519100000000001,
    "height": 0.8678100000000001,
    "x": 49.72696955000001,
    "y": -28.40447905
  },
  "platformcage1_1_": {
    "width": 3.83642,
    "height": 2.4141,
    "x": 28.0171121,
    "y": -14.8181505
  },
  "platformcage2": {
    "width": 3.83372,
    "height": 4.82826,
    "x": 37.617358599999996,
    "y": -12.416111299999997
  },
  "platformcage3": {
    "width": 7.66745,
    "height": 7.242319999999999,
    "x": 47.23408725,
    "y": -10.0111316
  },
  "spades_3_": {
    "width": 5.76384,
    "height": 0.42841999999999997,
    "x": 41.460729199999996,
    "y": -16.7939621
  },
  "spades_4_": {
    "width": 5.76384,
    "height": 0.42841999999999997,
    "x": 54.89201919999999,
    "y": -16.7909721
  },
  "pillevolutiona": {
    "width": 0.60671,
    "height": 0.74041,
    "x": 52.641093549999994,
    "y": -8.617332050000002
  },
  "groundcage2_9_": {
    "width": 10.01796,
    "height": 5.86629,
    "x": 0.05945980000000001,
    "y": -28.97728145
  },
  "groundcage2_10_": {
    "width": 10.01796,
    "height": 5.866269999999999,
    "x": 0.05945980000000001,
    "y": -23.117381350000002
  },
  "characterstart_2_": {
    "width": 1.01976,
    "height": 4.82822,
    "x": 2.6234388,
    "y": -12.416111099999998
  }
}