{
  "groundcage1": {
    "width": 10.05547,
    "height": 1.3408699999999998,
    "x": 5.027735,
    "y": -21.324165
  },
  "groundcage2": {
    "width": 10.01797,
    "height": 1.3408699999999998,
    "x": 15.064445,
    "y": -21.324165
  },
  "groundcage3": {
    "width": 10.01797,
    "height": 1.34089,
    "x": 45.118345000000005,
    "y": -21.324175
  },
  "groundcage1_1_": {
    "width": 9.86797,
    "height": 1.34089,
    "x": 55.061305,
    "y": -21.324175
  },
  "groundcage3_1_": {
    "width": 10.01797,
    "height": 1.34089,
    "x": 35.100375,
    "y": -21.324175
  },
  "groundcage4": {
    "width": 10.01796,
    "height": 1.34089,
    "x": 25.082400000000003,
    "y": -21.324175
  },
  "characterstart": {
    "width": 1.01976,
    "height": 4.82822,
    "x": 6.10739,
    "y": -18.23962
  },
  "end": {
    "width": 1.50381,
    "height": 2.4141,
    "x": 54.309405,
    "y": -12.204350000000002
  },
  "platformcage1_2_": {
    "width": 3.8364299999999996,
    "height": 2.4141,
    "x": 35.061474999999994,
    "y": -19.446699999999996
  },
  "platformcage3_2_": {
    "width": 7.66746,
    "height": 7.242319999999999,
    "x": 56.15494,
    "y": -17.03257
  },
  "platformcage2_5_": {
    "width": 3.83372,
    "height": 4.82826,
    "x": 42.73028,
    "y": -18.239620000000002
  },
  "platformcage3_1_": {
    "width": 7.66745,
    "height": 7.242319999999999,
    "x": 48.474244999999996,
    "y": -17.03257
  },
  "platformcage2_2_": {
    "width": 3.83373,
    "height": 4.82826,
    "x": 38.896555,
    "y": -18.239620000000002
  },
  "platformcage1_4_": {
    "width": 3.83642,
    "height": 2.4141,
    "x": 31.22506,
    "y": -19.446699999999996
  }
}