{
  "groundcage2_1_": {
    "width": 10.01796,
    "height": 5.866280000000001,
    "x": 0.0472498,
    "y": -19.339521400000002
  },
  "groundcage1_2_": {
    "width": 10.01796,
    "height": 5.866280000000001,
    "x": 10.065209799999998,
    "y": -19.339521400000002
  },
  "groundcage1_3_": {
    "width": 10.01796,
    "height": 5.866359999999999,
    "x": 30.1011298,
    "y": -19.3395218
  },
  "groundcage3_2_": {
    "width": 10.01797,
    "height": 5.866359999999999,
    "x": 20.08316985,
    "y": -19.3395218
  },
  "groundcage4_2_": {
    "width": 9.86797,
    "height": 5.866359999999999,
    "x": 69.87223985,
    "y": -19.3395818
  },
  "groundcage1_5_": {
    "width": 9.86797,
    "height": 5.866359999999999,
    "x": 79.74019985,
    "y": -19.3395818
  },
  "groundcage2_2_": {
    "width": 9.86797,
    "height": 1.19506,
    "x": 50.136309849999996,
    "y": -23.9874553
  },
  "groundcage1_6_": {
    "width": 9.86797,
    "height": 1.19503,
    "x": 60.00426985,
    "y": -23.98744515
  },
  "groundcage2_3_": {
    "width": 10.01797,
    "height": 1.1950100000000001,
    "x": 40.11908985,
    "y": -23.987455050000005
  },
  "characterstart_1_": {
    "width": 1.01976,
    "height": 4.82822,
    "x": 5.637268799999999,
    "y": -14.5060711
  },
  "end_1_": {
    "width": 1.5038,
    "height": 2.4141,
    "x": 85.502559,
    "y": -16.9081105
  },
  "door": {
    "width": 2.28092,
    "height": 11.379159999999999,
    "x": 22.724584600000004,
    "y": -0.05417579999999999
  },
  "hole": {
    "width": 29.852890000000002,
    "height": 4.67132,
    "x": 40.21826445,
    "y": -19.3335066
  },
  "spades_2_": {
    "width": 29.85288,
    "height": 0.42841999999999997,
    "x": 40.2182644,
    "y": -23.5551921
  }
}