{
  "characterstart": {
    "width": 0.8517600000000001,
    "height": 4.03285,
    "x": 1.94702,
    "y": -14.980125
  },
  "groundcage1_16_": {
    "width": 8.351989999999999,
    "height": 3.05357,
    "x": 4.1759949999999995,
    "y": -18.516895
  },
  "groundcage2": {
    "width": 8.35198,
    "height": 3.05357,
    "x": 12.52798,
    "y": -18.516895
  },
  "groundcage1_18_": {
    "width": 8.35201,
    "height": 3.05357,
    "x": 20.879974999999998,
    "y": -18.516895
  },
  "groundcage3": {
    "width": 8.351989999999999,
    "height": 3.05357,
    "x": 29.231975,
    "y": -18.516895
  },
  "platformcage2_3_": {
    "width": 3.63341,
    "height": 2.0631,
    "x": 20.691065,
    "y": -11.83228
  },
  "platformcage3": {
    "width": 3.63339,
    "height": 2.06311,
    "x": 9.790855,
    "y": -15.958475
  },
  "platformcage1_9_": {
    "width": 3.63341,
    "height": 2.0631,
    "x": 24.324464999999996,
    "y": -13.89537
  },
  "platformcage1_86_": {
    "width": 3.6334,
    "height": 2.06311,
    "x": 31.591260000000002,
    "y": -15.958514999999998
  },
  "platformcage2_7_": {
    "width": 3.6334,
    "height": 2.0631,
    "x": 31.591260000000002,
    "y": -9.76913
  },
  "platformcage2_8_": {
    "width": 3.63341,
    "height": 2.0631,
    "x": 35.224675,
    "y": -9.76913
  },
  "groundcage4": {
    "width": 8.35201,
    "height": 3.05357,
    "x": 74.62534500000001,
    "y": -18.526535
  },
  "groundcage1_23_": {
    "width": 8.351989999999999,
    "height": 3.05357,
    "x": 82.977345,
    "y": -20.581845
  },
  "groundcage3_2_": {
    "width": 8.35201,
    "height": 3.05357,
    "x": 91.32935499999999,
    "y": -20.581845
  },
  "groundcage1_25_": {
    "width": 8.351989999999999,
    "height": 3.05355,
    "x": 97.514785,
    "y": -16.463415
  },
  "groundcage1_2_": {
    "width": 8.352,
    "height": 3.05357,
    "x": 37.58397,
    "y": -18.520105
  },
  "groundcage1_3_": {
    "width": 8.351989999999999,
    "height": 3.05357,
    "x": 45.935965,
    "y": -18.520105
  },
  "groundcage2_1_": {
    "width": 8.35201,
    "height": 3.05357,
    "x": 54.287965,
    "y": -18.520105
  },
  "groundcage1_51_": {
    "width": 8.35201,
    "height": 3.05357,
    "x": 74.62534500000001,
    "y": -21.580105
  },
  "groundcage3_1_": {
    "width": 8.352,
    "height": 3.05357,
    "x": 49.56936,
    "y": -21.580105
  },
  "groundcage1_54_": {
    "width": 8.351989999999999,
    "height": 3.05357,
    "x": 66.27334499999999,
    "y": -21.580105
  },
  "groundcage1_53_": {
    "width": 8.351989999999999,
    "height": 3.05357,
    "x": 57.921355,
    "y": -21.580105
  },
  "groundcage1_5_": {
    "width": 8.35201,
    "height": 3.05359,
    "x": 97.51095500000001,
    "y": -19.516995
  },
  "platformcage2_1_": {
    "width": 3.6334199999999996,
    "height": 2.0631,
    "x": 49.75828,
    "y": -15.94959
  },
  "groundcage1_20_": {
    "width": 8.351989999999999,
    "height": 3.05357,
    "x": 66.27334499999999,
    "y": -18.526535
  },
  "platformcage3_1_": {
    "width": 3.6334,
    "height": 2.06312,
    "x": 13.42425,
    "y": -15.94964
  },
  "platformcage3_3_": {
    "width": 3.6334,
    "height": 2.06312,
    "x": 17.05766,
    "y": -15.95406
  },
  "platformcage3_2_": {
    "width": 3.6334,
    "height": 2.06312,
    "x": 20.69107,
    "y": -15.945210000000001
  },
  "platformcage3_4_": {
    "width": 3.6334,
    "height": 2.06311,
    "x": 17.05766,
    "y": -13.895375000000001
  },
  "platformcage1_6_": {
    "width": 3.6334,
    "height": 2.06311,
    "x": 13.42425,
    "y": -13.895375000000001
  },
  "platformcage2_2_": {
    "width": 3.63341,
    "height": 2.06311,
    "x": 20.691065,
    "y": -13.895375000000001
  },
  "platformcage3_5_": {
    "width": 3.6334,
    "height": 2.06312,
    "x": 24.32447,
    "y": -11.82342
  },
  "platformcage3_6_": {
    "width": 3.6334,
    "height": 2.06312,
    "x": 24.32446,
    "y": -15.95852
  },
  "platformcage3_10_": {
    "width": 3.6334,
    "height": 2.06311,
    "x": 31.59128,
    "y": -13.895375000000001
  },
  "platformcage3_11_": {
    "width": 3.6334,
    "height": 2.06312,
    "x": 35.22467999999999,
    "y": -15.94964
  },
  "platformcage3_19_": {
    "width": 3.6334,
    "height": 2.06311,
    "x": 76.98465,
    "y": -15.968195000000001
  },
  "platformcage4": {
    "width": 3.6334199999999996,
    "height": 2.06311,
    "x": 69.71785,
    "y": -15.968195000000001
  },
  "platformcage3_21_": {
    "width": 3.63336,
    "height": 2.06311,
    "x": 66.08446,
    "y": -15.968195000000001
  },
  "platformcage4_1_": {
    "width": 3.6334199999999996,
    "height": 2.0631,
    "x": 73.35127,
    "y": -15.94959
  },
  "platformcage4_2_": {
    "width": 3.63341,
    "height": 2.06312,
    "x": 53.391695,
    "y": -15.94964
  },
  "platformcage4_3_": {
    "width": 3.63341,
    "height": 2.0631,
    "x": 49.758285,
    "y": -13.88653
  },
  "platformcage4_12_": {
    "width": 3.6334199999999996,
    "height": 2.06311,
    "x": 42.491479999999996,
    "y": -9.772455
  },
  "platformcage4_11_": {
    "width": 3.6334199999999996,
    "height": 2.06312,
    "x": 42.49149,
    "y": -15.96177
  },
  "platformcage4_10_": {
    "width": 3.6334199999999996,
    "height": 2.0631,
    "x": 42.491479999999996,
    "y": -13.89866
  },
  "platformcage4_9_": {
    "width": 3.6334199999999996,
    "height": 2.06311,
    "x": 42.491479999999996,
    "y": -11.835555
  },
  "platformcage4_5_": {
    "width": 3.63341,
    "height": 2.06311,
    "x": 35.224675,
    "y": -11.835555
  },
  "platformcage4_4_": {
    "width": 3.63341,
    "height": 2.0631,
    "x": 35.224675,
    "y": -13.89866
  },
  "platformcage4_6_": {
    "width": 3.6334,
    "height": 2.06311,
    "x": 31.591260000000002,
    "y": -11.835555
  },
  "end_2_": {
    "width": 2.5121700000000002,
    "height": 4.03284,
    "x": 98.77087499999999,
    "y": -12.92022
  },
  "spadesdown_3_": {
    "width": 3.6333800000000003,
    "height": 0.35975999999999997,
    "x": 38.85808,
    "y": -16.81344
  },
  "spadesdown_1_": {
    "width": 3.6333800000000003,
    "height": 0.35975999999999997,
    "x": 27.957860000000004,
    "y": -16.81019
  },
  "spadesdown_2_": {
    "width": 3.6333800000000003,
    "height": 0.35975999999999997,
    "x": 46.124880000000005,
    "y": -16.81344
  },
  "spadesdown_4_": {
    "width": 3.6334,
    "height": 0.35977,
    "x": 60.28065,
    "y": -19.867015
  },
  "spadesdown_5_": {
    "width": 3.6333800000000003,
    "height": 0.35975,
    "x": 80.61804,
    "y": -18.875185
  },
  "spadesdown_6_": {
    "width": 3.6333800000000003,
    "height": 0.35975,
    "x": 84.25143,
    "y": -18.875185
  },
  "spadesdown_7_": {
    "width": 3.6333800000000003,
    "height": 0.35975,
    "x": 87.88480999999999,
    "y": -18.875185
  },
  "spadesdown_8_": {
    "width": 3.6334199999999996,
    "height": 0.35975,
    "x": 91.5182,
    "y": -18.875185
  }
}