{
  "spades_15_": {
    "width": 4.35,
    "height": 0.42841999999999997,
    "x": 47.99285,
    "y": -35.8648
  },
  "pillevolutiona_2_": {
    "width": 0.60671,
    "height": 0.74041,
    "x": 29.409775,
    "y": -37.429085
  },
  "characterstart_3_": {
    "width": 1.01975,
    "height": 4.82822,
    "x": 3.2695350000000003,
    "y": -37.0621
  },
  "pillevolutionb_2_": {
    "width": 0.60671,
    "height": 0.74041,
    "x": 34.267355,
    "y": -37.429085
  },
  "door_1_": {
    "width": 2.28092,
    "height": 11.37915,
    "x": 80.66701,
    "y": -5.689435
  },
  "end_4_": {
    "width": 1.50381,
    "height": 2.4141,
    "x": 91.49289499999999,
    "y": -10.17196
  },
  "trigger": {
    "width": 2.8910500000000003,
    "height": 0.21420999999999998,
    "x": 65.392865,
    "y": -39.360474999999994
  },
  "groundcage1_90_": {
    "width": 9.999220000000001,
    "height": 3.6558100000000002,
    "x": 24.998050000000003,
    "y": -41.300875000000005
  },
  "groundcage1_89_": {
    "width": 9.999220000000001,
    "height": 3.6558100000000002,
    "x": 34.99727,
    "y": -41.300885
  },
  "groundcage1_88_": {
    "width": 9.999220000000001,
    "height": 3.6558100000000002,
    "x": 44.99649000000001,
    "y": -41.300875000000005
  },
  "groundcage1_97_": {
    "width": 9.999220000000001,
    "height": 3.6558100000000002,
    "x": 54.9957,
    "y": -41.300885
  },
  "groundcage1_96_": {
    "width": 9.999220000000001,
    "height": 3.6558100000000002,
    "x": 64.99492,
    "y": -41.300895000000004
  },
  "groundcage1_95_": {
    "width": 9.999220000000001,
    "height": 3.6558100000000002,
    "x": 74.99414,
    "y": -40.376895
  },
  "spades_2_": {
    "width": 4.35001,
    "height": 0.42841999999999997,
    "x": 56.692854999999994,
    "y": -35.8648
  },
  "platformcage1_81_": {
    "width": 4.35,
    "height": 2.47,
    "x": 52.34285,
    "y": -34.844
  },
  "platformcage1_83_": {
    "width": 4.35,
    "height": 2.47,
    "x": 52.34285,
    "y": -27.434009999999997
  },
  "platformcage2_20_": {
    "width": 4.35,
    "height": 2.47,
    "x": 52.34285,
    "y": -32.37401
  },
  "platformcage2_21_": {
    "width": 4.35,
    "height": 2.47,
    "x": 52.34285,
    "y": -29.90401
  },
  "platformcage2_30_": {
    "width": 4.35,
    "height": 2.47,
    "x": 52.34285,
    "y": -24.96401
  },
  "platformcage1_46_": {
    "width": 4.35,
    "height": 2.47,
    "x": 61.04287,
    "y": -34.84401
  },
  "platformcage1_47_": {
    "width": 4.35,
    "height": 2.47,
    "x": 61.04287,
    "y": -32.37401
  },
  "platformcage1_54_": {
    "width": 4.35,
    "height": 2.47,
    "x": 61.04287,
    "y": -27.434009999999997
  },
  "platformcage2_39_": {
    "width": 4.35,
    "height": 2.47,
    "x": 61.04287,
    "y": -29.90401
  },
  "platformcage1_58_": {
    "width": 4.35,
    "height": 2.47,
    "x": 61.04287,
    "y": -24.96401
  },
  "platformcage1_66_": {
    "width": 4.35001,
    "height": 2.47,
    "x": 61.042854999999996,
    "y": -22.49401
  },
  "platformcage1_59_": {
    "width": 4.35,
    "height": 2.47,
    "x": 61.04287,
    "y": -17.55401
  },
  "platformcage2_40_": {
    "width": 4.35,
    "height": 2.47,
    "x": 61.04287,
    "y": -20.02401
  },
  "platformcage1_60_": {
    "width": 4.35,
    "height": 2.47,
    "x": 61.04287,
    "y": -15.08401
  },
  "spades_5_": {
    "width": 4.35,
    "height": 0.42841999999999997,
    "x": 65.39287,
    "y": -35.8648
  },
  "platformcage1_42_": {
    "width": 4.35,
    "height": 2.47,
    "x": 69.74287,
    "y": -34.84401
  },
  "platformcage1_30_": {
    "width": 4.35,
    "height": 2.47,
    "x": 69.74287,
    "y": -29.90401
  },
  "platformcage2_44_": {
    "width": 4.35,
    "height": 2.47,
    "x": 69.74287,
    "y": -32.37401
  },
  "platformcage1_32_": {
    "width": 4.35,
    "height": 2.47,
    "x": 69.74288999999999,
    "y": -27.434009999999997
  },
  "platformcage1_31_": {
    "width": 4.35001,
    "height": 2.47,
    "x": 69.742875,
    "y": -24.96401
  },
  "platformcage2_41_": {
    "width": 4.35,
    "height": 2.47,
    "x": 69.74288999999999,
    "y": -22.49401
  },
  "platformcage1_34_": {
    "width": 4.35,
    "height": 2.47,
    "x": 69.74288999999999,
    "y": -20.02401
  },
  "platformcage1_33_": {
    "width": 4.35001,
    "height": 2.47,
    "x": 69.742875,
    "y": -17.55401
  },
  "platformcage2_42_": {
    "width": 4.35,
    "height": 2.47,
    "x": 69.74288,
    "y": -12.61401
  },
  "platformcage1_35_": {
    "width": 4.35,
    "height": 2.47,
    "x": 74.09287,
    "y": -12.61401
  },
  "platformcage1_36_": {
    "width": 4.35,
    "height": 2.47,
    "x": 78.44287999999999,
    "y": -12.61401
  },
  "platformcage2_43_": {
    "width": 4.35,
    "height": 2.47,
    "x": 82.79288,
    "y": -12.61401
  },
  "platformcage1_38_": {
    "width": 4.35,
    "height": 2.47,
    "x": 87.14288,
    "y": -12.61401
  },
  "platformcage1_37_": {
    "width": 4.35,
    "height": 2.47,
    "x": 91.4929,
    "y": -12.61401
  },
  "platformcage2_45_": {
    "width": 4.35,
    "height": 2.47,
    "x": 61.04286,
    "y": -12.61401
  },
  "platformcage2_46_": {
    "width": 4.35,
    "height": 2.47,
    "x": 52.34285,
    "y": -22.49402
  },
  "platformcage2_49_": {
    "width": 4.35,
    "height": 2.47,
    "x": 69.74288999999999,
    "y": -15.08401
  },
  "platformcage2_53_": {
    "width": 4.35,
    "height": 2.47,
    "x": 78.44287,
    "y": -15.08401
  },
  "platformcage2_57_": {
    "width": 4.35,
    "height": 2.47,
    "x": 74.09287,
    "y": -15.08401
  },
  "platformcage1_44_": {
    "width": 4.35,
    "height": 2.47,
    "x": 82.79288,
    "y": -15.08401
  },
  "platformcage2_47_": {
    "width": 4.35,
    "height": 2.47,
    "x": 87.14289000000001,
    "y": -15.08401
  },
  "platformcage1_43_": {
    "width": 4.35,
    "height": 2.47,
    "x": 91.49289,
    "y": -15.08401
  },
  "platformcage1_75_": {
    "width": 4.35,
    "height": 2.47,
    "x": 74.09287,
    "y": -17.55401
  },
  "platformcage1_80_": {
    "width": 4.35,
    "height": 2.47,
    "x": 74.09288,
    "y": -20.02402
  },
  "platformcage1_61_": {
    "width": 4.35,
    "height": 2.47,
    "x": 74.09288,
    "y": -22.53752
  },
  "platformcage1_51_": {
    "width": 4.35,
    "height": 2.47,
    "x": 74.09291,
    "y": -24.979039999999998
  },
  "platformcage1_102_": {
    "width": 4.35001,
    "height": 2.47,
    "x": 74.092935,
    "y": -27.44904
  },
  "platformcage1_49_": {
    "width": 4.35,
    "height": 2.47,
    "x": 74.09294,
    "y": -29.919029999999996
  },
  "platformcage1_63_": {
    "width": 4.35,
    "height": 2.47,
    "x": 74.09298,
    "y": -32.38903
  },
  "platformcage2_67_": {
    "width": 4.35,
    "height": 2.47,
    "x": 74.09287,
    "y": -34.87402
  },
  "groundcage1_14_": {
    "width": 9.999220000000001,
    "height": 3.6558100000000002,
    "x": 4.9996100000000006,
    "y": -41.300875000000005
  },
  "groundcage1_13_": {
    "width": 9.999220000000001,
    "height": 3.6558100000000002,
    "x": 14.998830000000002,
    "y": -41.300885
  },
  "platformcage1_98_": {
    "width": 4.35,
    "height": 2.47,
    "x": 52.34285,
    "y": -37.314
  },
  "platformcage1_74_": {
    "width": 4.35,
    "height": 2.47,
    "x": 47.99285,
    "y": -37.314009999999996
  },
  "platformcage1_73_": {
    "width": 4.35,
    "height": 2.47,
    "x": 43.642849999999996,
    "y": -37.314009999999996
  },
  "platformcage1_68_": {
    "width": 4.35002,
    "height": 2.47,
    "x": 56.692859999999996,
    "y": -37.314009999999996
  },
  "platformcage1_67_": {
    "width": 4.35,
    "height": 2.47,
    "x": 69.74287,
    "y": -37.314009999999996
  },
  "platformcage1_41_": {
    "width": 4.35001,
    "height": 2.47,
    "x": 65.392865,
    "y": -37.31402
  },
  "platformcage1_40_": {
    "width": 4.35001,
    "height": 2.47,
    "x": 61.042865,
    "y": -37.31402
  },
  "platformcage1_92_": {
    "width": 4.35002,
    "height": 2.47,
    "x": 74.09288000000001,
    "y": -37.314009999999996
  }
}