{
  "end_2_": {
    "width": 0.7519100000000001,
    "height": 0.8678100000000001,
    "x": 37.772645,
    "y": -28.839965000000003
  },
  "pillevolutiona": {
    "width": 0.6067199999999999,
    "height": 0.74041,
    "x": 51.861419999999995,
    "y": -8.176095
  },
  "characterstart_2_": {
    "width": 1.01976,
    "height": 4.82822,
    "x": 3.1376,
    "y": -14.81201
  },
  "groundcage1_8_": {
    "width": 9.999220000000001,
    "height": 3.6558100000000002,
    "x": 4.999600000000001,
    "y": -19.051065
  },
  "groundcage1_32_": {
    "width": 9.999220000000001,
    "height": 3.6558100000000002,
    "x": 14.99882,
    "y": -19.051065
  },
  "groundcage1_34_": {
    "width": 9.999220000000001,
    "height": 3.6557999999999997,
    "x": 4.999600000000001,
    "y": -22.70687
  },
  "groundcage1_33_": {
    "width": 9.999220000000001,
    "height": 3.6557999999999997,
    "x": 14.99882,
    "y": -22.70687
  },
  "groundcage1_38_": {
    "width": 9.999220000000001,
    "height": 3.6558100000000002,
    "x": 4.999600000000001,
    "y": -26.362695
  },
  "groundcage1_37_": {
    "width": 9.999220000000001,
    "height": 3.6557999999999997,
    "x": 14.99882,
    "y": -26.362689999999997
  },
  "groundcage1_36_": {
    "width": 9.999220000000001,
    "height": 3.6557999999999997,
    "x": 4.999600000000001,
    "y": -30.0185
  },
  "groundcage1_35_": {
    "width": 9.999220000000001,
    "height": 3.6557999999999997,
    "x": 14.99882,
    "y": -30.0185
  },
  "groundcage1_40_": {
    "width": 9.999220000000001,
    "height": 3.6558100000000002,
    "x": 24.99804,
    "y": -31.101785
  },
  "groundcage1_39_": {
    "width": 9.999220000000001,
    "height": 3.6558100000000002,
    "x": 34.99726,
    "y": -31.101795000000003
  },
  "groundcage1_10_": {
    "width": 9.999220000000001,
    "height": 3.6557999999999997,
    "x": 44.996480000000005,
    "y": -30.0185
  },
  "groundcage1_41_": {
    "width": 9.999220000000001,
    "height": 3.6558100000000002,
    "x": 25.56416,
    "y": -19.051065
  },
  "groundcage1_7_": {
    "width": 9.999220000000001,
    "height": 3.6557999999999997,
    "x": 35.563379999999995,
    "y": -19.05107
  },
  "groundcage1_45_": {
    "width": 9.999220000000001,
    "height": 3.6558100000000002,
    "x": 45.5626,
    "y": -19.051065
  },
  "groundcage1_44_": {
    "width": 9.999220000000001,
    "height": 3.6557999999999997,
    "x": 55.56182,
    "y": -19.05107
  },
  "groundcage1_42_": {
    "width": 9.999220000000001,
    "height": 3.6557999999999997,
    "x": 25.56416,
    "y": -22.70687
  },
  "groundcage1_4_": {
    "width": 9.999220000000001,
    "height": 3.6557999999999997,
    "x": 35.563379999999995,
    "y": -22.70687
  },
  "groundcage1_46_": {
    "width": 9.999220000000001,
    "height": 3.6557999999999997,
    "x": 25.56416,
    "y": -26.362689999999997
  },
  "groundcage1_43_": {
    "width": 9.999220000000001,
    "height": 3.6557999999999997,
    "x": 35.563379999999995,
    "y": -26.362689999999997
  },
  "groundcage1_48_": {
    "width": 9.999220000000001,
    "height": 3.6557999999999997,
    "x": 45.5626,
    "y": -22.70687
  },
  "groundcage1_47_": {
    "width": 9.999220000000001,
    "height": 3.6557999999999997,
    "x": 55.56182,
    "y": -22.70687
  },
  "platformcage2_12_": {
    "width": 4.35,
    "height": 2.47,
    "x": 54.036429999999996,
    "y": -13.51517
  },
  "platformcage2_14_": {
    "width": 4.35,
    "height": 2.47,
    "x": 49.686429999999994,
    "y": -13.515179999999999
  },
  "platformcage1_95_": {
    "width": 4.35001,
    "height": 2.47,
    "x": 54.036424999999994,
    "y": -11.04517
  },
  "platformcage2_19_": {
    "width": 4.35,
    "height": 2.47,
    "x": 54.036429999999996,
    "y": -15.98518
  },
  "platformcage1_94_": {
    "width": 4.35001,
    "height": 2.47,
    "x": 49.686425,
    "y": -11.04517
  },
  "platformcage2_18_": {
    "width": 4.35,
    "height": 2.47,
    "x": 40.98643,
    "y": -15.98518
  },
  "platformcage1_93_": {
    "width": 4.35001,
    "height": 2.47,
    "x": 49.686425,
    "y": -15.98519
  },
  "platformcage1_19_": {
    "width": 4.35001,
    "height": 2.47,
    "x": 40.986425,
    "y": -13.51517
  },
  "platformcage1_22_": {
    "width": 4.35001,
    "height": 2.47,
    "x": 32.286425,
    "y": -15.98519
  },
  "groundcage1_65_": {
    "width": 9.999220000000001,
    "height": 3.6558100000000002,
    "x": 45.5626,
    "y": -26.362685000000003
  },
  "groundcage1_15_": {
    "width": 9.999220000000001,
    "height": 3.6558100000000002,
    "x": 55.56182,
    "y": -26.362695
  },
  "spades_1_": {
    "width": 4.35,
    "height": 0.42841999999999997,
    "x": 45.33643,
    "y": -17.00747
  },
  "spades_3_": {
    "width": 4.35,
    "height": 0.42841999999999997,
    "x": 36.63643,
    "y": -17.00747
  },
  "spades_6_": {
    "width": 4.35,
    "height": 0.42841999999999997,
    "x": 58.38643,
    "y": -17.00747
  }
}