{
  "end_3_": {
    "width": 1.50381,
    "height": 2.4141,
    "x": 50.769419049999996,
    "y": -6.648150499999999
  },
  "groundcage2_16_": {
    "width": 10.01796,
    "height": 5.866269999999999,
    "x": 0.1152498,
    "y": -38.04912135
  },
  "groundcage3_9_": {
    "width": 10.01797,
    "height": 5.86635,
    "x": 10.13320985,
    "y": -38.04908175
  },
  "groundcage1_11_": {
    "width": 10.01796,
    "height": 5.866269999999999,
    "x": 20.1511698,
    "y": -38.04912135
  },
  "groundcage3_8_": {
    "width": 10.01797,
    "height": 5.86635,
    "x": 30.16912985,
    "y": -38.04908175
  },
  "groundcage2_15_": {
    "width": 10.01796,
    "height": 5.866269999999999,
    "x": 40.1870998,
    "y": -38.04912135
  },
  "spades_14_": {
    "width": 5.76385,
    "height": 0.42841999999999997,
    "x": 13.15237925,
    "y": -37.593512100000005
  },
  "platformcage1_5_": {
    "width": 3.83642,
    "height": 2.4141,
    "x": 9.3063321,
    "y": -35.6176905
  },
  "platformcage2_1_": {
    "width": 3.83372,
    "height": 4.82826,
    "x": 18.9065786,
    "y": -33.2156613
  },
  "spades_13_": {
    "width": 5.76384,
    "height": 0.42841999999999997,
    "x": 22.749949199999996,
    "y": -37.593512100000005
  },
  "platformcage4_1_": {
    "width": 3.83372,
    "height": 14.48479,
    "x": 28.504138599999997,
    "y": -23.607403950000002
  },
  "pillevolutiona_2_": {
    "width": 0.60671,
    "height": 0.74041,
    "x": 20.50394355,
    "y": -31.97552205
  },
  "characterstart_4_": {
    "width": 1.01975,
    "height": 4.82822,
    "x": 2.82990875,
    "y": -33.215681100000005
  },
  "spades_12_": {
    "width": 5.76384,
    "height": 0.42841999999999997,
    "x": 32.3475092,
    "y": -37.593512100000005
  },
  "platformcage5_1_": {
    "width": 3.83372,
    "height": 28.969589999999997,
    "x": 38.1016986,
    "y": -9.19503795
  },
  "platformcage6_3_": {
    "width": 3.83372,
    "height": 28.96958,
    "x": 47.6992586,
    "y": -9.1950279
  },
  "spades_11_": {
    "width": 5.76384,
    "height": 0.42841999999999997,
    "x": 41.9450692,
    "y": -37.593512100000005
  },
  "groundcage2_14_": {
    "width": 10.01796,
    "height": 5.866269999999999,
    "x": 50.2050598,
    "y": -38.04912135
  },
  "platformcage6_2_": {
    "width": 3.83372,
    "height": 28.96958,
    "x": 51.53297860000001,
    "y": -9.1950279
  },
  "spades_10_": {
    "width": 4.8254,
    "height": 0.42841999999999997,
    "x": 55.371657,
    "y": -37.593512100000005
  }
}