{
  "characterstart": {
    "width": 1.3154400000000002,
    "height": 6.2282,
    "x": 3.0069100000000004,
    "y": -15.983670000000002
  },
  "groundcage1_16_": {
    "width": 12.89854,
    "height": 4.71584,
    "x": 6.449260000000001,
    "y": -21.44575
  },
  "groundcage2": {
    "width": 12.898530000000001,
    "height": 4.71584,
    "x": 19.347805,
    "y": -21.44575
  },
  "groundcage1_18_": {
    "width": 12.89855,
    "height": 4.71584,
    "x": 32.246335,
    "y": -21.44575
  },
  "groundcage3": {
    "width": 12.89854,
    "height": 4.71584,
    "x": 45.14489,
    "y": -21.44575
  },
  "platformcage2_3_": {
    "width": 5.6113,
    "height": 3.1861900000000003,
    "x": 31.954569999999997,
    "y": -11.122245
  },
  "platformcage3": {
    "width": 5.6113,
    "height": 3.1862,
    "x": 15.120659999999999,
    "y": -17.494600000000002
  },
  "platformcage1_9_": {
    "width": 5.611319999999999,
    "height": 3.18617,
    "x": 37.565889999999996,
    "y": -14.308415
  },
  "platformcage1_86_": {
    "width": 5.6113,
    "height": 3.18618,
    "x": 48.7885,
    "y": -17.49467
  },
  "platformcage2_7_": {
    "width": 5.6113,
    "height": 3.1861900000000003,
    "x": 48.7885,
    "y": -7.935985
  },
  "platformcage2_8_": {
    "width": 5.61131,
    "height": 3.18618,
    "x": 54.399815000000004,
    "y": -7.93598
  },
  "groundcage4": {
    "width": 12.89855,
    "height": 4.71584,
    "x": 115.248935,
    "y": -21.46063
  },
  "groundcage1_23_": {
    "width": 12.89854,
    "height": 4.71583,
    "x": 128.14748,
    "y": -24.634795000000004
  },
  "groundcage3_2_": {
    "width": 12.89856,
    "height": 4.71584,
    "x": 141.04603999999998,
    "y": -24.634800000000002
  },
  "groundcage1_25_": {
    "width": 12.89855,
    "height": 4.71581,
    "x": 150.598625,
    "y": -18.274435
  },
  "groundcage1_2_": {
    "width": 12.89855,
    "height": 4.71584,
    "x": 58.043435,
    "y": -21.45071
  },
  "groundcage1_3_": {
    "width": 12.89856,
    "height": 4.71584,
    "x": 70.94199,
    "y": -21.45071
  },
  "groundcage2_1_": {
    "width": 12.89854,
    "height": 4.71584,
    "x": 83.84055,
    "y": -21.45071
  },
  "groundcage1_51_": {
    "width": 12.89855,
    "height": 4.71584,
    "x": 115.248935,
    "y": -26.176470000000002
  },
  "groundcage3_1_": {
    "width": 12.89854,
    "height": 4.71584,
    "x": 76.55328,
    "y": -26.176470000000002
  },
  "groundcage1_54_": {
    "width": 12.89855,
    "height": 4.71584,
    "x": 102.350375,
    "y": -26.176470000000002
  },
  "groundcage1_53_": {
    "width": 12.89854,
    "height": 4.71584,
    "x": 89.45182999999999,
    "y": -26.176470000000002
  },
  "spades_8_": {
    "width": 5.611319999999999,
    "height": 0.55265,
    "x": 124.50386,
    "y": -22.000555
  },
  "spades_13_": {
    "width": 5.61131,
    "height": 0.55265,
    "x": 130.115185,
    "y": -22.000555
  },
  "spades_16_": {
    "width": 5.61129,
    "height": 0.55265,
    "x": 135.726485,
    "y": -22.000555
  },
  "spades_14_": {
    "width": 5.6113,
    "height": 0.55265,
    "x": 141.33778,
    "y": -22.000555
  },
  "groundcage1_5_": {
    "width": 12.89855,
    "height": 4.71584,
    "x": 150.592705,
    "y": -22.99026
  },
  "spades_6_": {
    "width": 5.6113,
    "height": 0.55265,
    "x": 43.1772,
    "y": -18.816485
  },
  "spades_2_": {
    "width": 5.6113,
    "height": 0.55265,
    "x": 60.01112,
    "y": -18.816485
  },
  "spades_4_": {
    "width": 5.61126,
    "height": 0.55265,
    "x": 71.23374999999999,
    "y": -18.816485
  },
  "platformcage2_1_": {
    "width": 5.611319999999999,
    "height": 3.1861900000000003,
    "x": 76.84504,
    "y": -17.480865
  },
  "spades_1_": {
    "width": 5.61129,
    "height": 0.5526599999999999,
    "x": 93.095455,
    "y": -23.543080000000003
  },
  "groundcage1_20_": {
    "width": 12.89855,
    "height": 4.71584,
    "x": 102.350375,
    "y": -21.46063
  },
  "platformcage3_1_": {
    "width": 5.6113,
    "height": 3.1861900000000003,
    "x": 20.73197,
    "y": -17.480945000000002
  },
  "platformcage3_3_": {
    "width": 5.6113,
    "height": 3.1861900000000003,
    "x": 26.34328,
    "y": -17.487775000000003
  },
  "platformcage3_2_": {
    "width": 5.6113,
    "height": 3.1861900000000003,
    "x": 31.95458,
    "y": -17.474125
  },
  "platformcage3_4_": {
    "width": 5.6113,
    "height": 3.1862,
    "x": 26.34328,
    "y": -14.30843
  },
  "platformcage1_6_": {
    "width": 5.61131,
    "height": 3.1861900000000003,
    "x": 20.731965000000002,
    "y": -14.308435000000001
  },
  "platformcage2_2_": {
    "width": 5.6113,
    "height": 3.1861900000000003,
    "x": 31.954569999999997,
    "y": -14.308425
  },
  "platformcage3_5_": {
    "width": 5.61129,
    "height": 3.1862,
    "x": 37.565895,
    "y": -11.10855
  },
  "platformcage3_6_": {
    "width": 5.61131,
    "height": 3.1861900000000003,
    "x": 37.565875,
    "y": -17.494675
  },
  "platformcage3_10_": {
    "width": 5.6113,
    "height": 3.1862,
    "x": 48.788529999999994,
    "y": -14.30843
  },
  "platformcage3_11_": {
    "width": 5.6113,
    "height": 3.1861900000000003,
    "x": 54.39984,
    "y": -17.480945000000002
  },
  "platformcage3_19_": {
    "width": 5.61129,
    "height": 3.1861900000000003,
    "x": 118.892535,
    "y": -17.509615
  },
  "platformcage4": {
    "width": 5.61131,
    "height": 3.1861900000000003,
    "x": 107.669955,
    "y": -17.509615
  },
  "platformcage3_21_": {
    "width": 5.611280000000001,
    "height": 3.1861900000000003,
    "x": 102.05864999999999,
    "y": -17.509615
  },
  "platformcage4_1_": {
    "width": 5.61131,
    "height": 3.1861900000000003,
    "x": 113.281265,
    "y": -17.480865
  },
  "platformcage4_2_": {
    "width": 5.611319999999999,
    "height": 3.1861900000000003,
    "x": 82.45637,
    "y": -17.480955
  },
  "platformcage4_3_": {
    "width": 5.61131,
    "height": 3.1861900000000003,
    "x": 76.845045,
    "y": -14.294765
  },
  "platformcage4_12_": {
    "width": 5.61131,
    "height": 3.1861900000000003,
    "x": 65.622435,
    "y": -7.9411249999999995
  },
  "platformcage4_11_": {
    "width": 5.61131,
    "height": 3.1861900000000003,
    "x": 65.622435,
    "y": -17.499695000000003
  },
  "platformcage4_10_": {
    "width": 5.61131,
    "height": 3.1861900000000003,
    "x": 65.622435,
    "y": -14.313505
  },
  "platformcage4_9_": {
    "width": 5.61131,
    "height": 3.1861900000000003,
    "x": 65.622435,
    "y": -11.127315
  },
  "platformcage4_5_": {
    "width": 5.61131,
    "height": 3.1861900000000003,
    "x": 54.399815000000004,
    "y": -11.127315
  },
  "platformcage4_4_": {
    "width": 5.61131,
    "height": 3.1861900000000003,
    "x": 54.399815000000004,
    "y": -14.313514999999999
  },
  "platformcage4_6_": {
    "width": 5.61131,
    "height": 3.1861900000000003,
    "x": 48.788505,
    "y": -11.127315
  },
  "end_2_": {
    "width": 3.87972,
    "height": 6.22819,
    "x": 152.53847000000002,
    "y": -12.802435
  }
}