{
  "end_3_": {
    "width": 1.50381,
    "height": 2.4141,
    "x": 51.513805,
    "y": -7.8431299999999995
  },
  "groundcage2_16_": {
    "width": 10.01796,
    "height": 5.866269999999999,
    "x": 5.07414,
    "y": -40.952925
  },
  "groundcage3_9_": {
    "width": 10.01797,
    "height": 5.86635,
    "x": 15.092105,
    "y": -40.952925
  },
  "groundcage1_11_": {
    "width": 10.01796,
    "height": 5.866269999999999,
    "x": 25.11006,
    "y": -40.952925
  },
  "groundcage3_8_": {
    "width": 10.01797,
    "height": 5.86635,
    "x": 35.128025,
    "y": -40.952925
  },
  "groundcage2_15_": {
    "width": 10.01796,
    "height": 5.866269999999999,
    "x": 45.145990000000005,
    "y": -40.952925
  },
  "spades_14_": {
    "width": 5.76385,
    "height": 0.42841999999999997,
    "x": 16.005485,
    "y": -37.805580000000006
  },
  "platformcage1_5_": {
    "width": 3.83642,
    "height": 2.4141,
    "x": 11.20536,
    "y": -36.812670000000004
  },
  "platformcage2_1_": {
    "width": 3.83372,
    "height": 4.82826,
    "x": 20.80427,
    "y": -35.60565
  },
  "spades_13_": {
    "width": 5.76384,
    "height": 0.42841999999999997,
    "x": 25.60305,
    "y": -37.805580000000006
  },
  "platformcage4_1_": {
    "width": 3.83372,
    "height": 14.48479,
    "x": 30.401829999999997,
    "y": -30.777375
  },
  "pillevolutiona_2_": {
    "width": 0.60671,
    "height": 0.74041,
    "x": 20.804264999999997,
    "y": -32.342025
  },
  "characterstart_4_": {
    "width": 1.01975,
    "height": 4.82822,
    "x": 3.334685,
    "y": -35.605650000000004
  },
  "spades_12_": {
    "width": 5.76384,
    "height": 0.42841999999999997,
    "x": 35.200610000000005,
    "y": -37.805580000000006
  },
  "platformcage5_1_": {
    "width": 3.83372,
    "height": 28.969589999999997,
    "x": 39.99939,
    "y": -23.534985
  },
  "platformcage6_3_": {
    "width": 3.83372,
    "height": 28.96958,
    "x": 49.59695,
    "y": -23.53497
  },
  "spades_11_": {
    "width": 5.76384,
    "height": 0.42841999999999997,
    "x": 44.79817,
    "y": -37.805580000000006
  },
  "groundcage2_14_": {
    "width": 10.01796,
    "height": 5.866269999999999,
    "x": 55.16395000000001,
    "y": -40.952925
  },
  "platformcage6_2_": {
    "width": 3.83372,
    "height": 28.96958,
    "x": 53.430670000000006,
    "y": -23.53497
  },
  "spades_10_": {
    "width": 4.8254,
    "height": 0.42841999999999997,
    "x": 57.76023,
    "y": -37.805580000000006
  }
}