{
  "groundcage2_1_": {
    "width": 10.01796,
    "height": 5.866280000000001,
    "x": 5.00614,
    "y": -22.24333
  },
  "groundcage1_2_": {
    "width": 10.01796,
    "height": 5.866280000000001,
    "x": 15.0241,
    "y": -22.24333
  },
  "groundcage1_3_": {
    "width": 10.01796,
    "height": 5.866359999999999,
    "x": 35.060019999999994,
    "y": -22.24337
  },
  "groundcage3_2_": {
    "width": 10.01797,
    "height": 5.866359999999999,
    "x": 25.042064999999997,
    "y": -22.24337
  },
  "groundcage4_2_": {
    "width": 9.86797,
    "height": 5.866359999999999,
    "x": 74.75688500000001,
    "y": -22.24343
  },
  "groundcage1_5_": {
    "width": 9.86797,
    "height": 5.866359999999999,
    "x": 84.624845,
    "y": -22.24343
  },
  "groundcage2_2_": {
    "width": 9.86797,
    "height": 1.19506,
    "x": 55.020955,
    "y": -24.57901
  },
  "groundcage1_6_": {
    "width": 9.86797,
    "height": 1.19503,
    "x": 64.888915,
    "y": -24.578985
  },
  "groundcage2_3_": {
    "width": 10.01797,
    "height": 1.1950100000000001,
    "x": 45.077985000000005,
    "y": -24.578985000000003
  },
  "characterstart_1_": {
    "width": 1.01976,
    "height": 4.82822,
    "x": 6.142049999999999,
    "y": -16.89604
  },
  "end_1_": {
    "width": 1.5038,
    "height": 2.4141,
    "x": 86.24694000000001,
    "y": -18.103089999999998
  },
  "door": {
    "width": 2.28092,
    "height": 11.379159999999999,
    "x": 23.853640000000002,
    "y": -5.686859999999999
  },
  "hole": {
    "width": 29.852890000000002,
    "height": 4.67132,
    "x": 54.995445000000004,
    "y": -21.64581
  },
  "spades_2_": {
    "width": 29.85288,
    "height": 0.42841999999999997,
    "x": 54.99544,
    "y": -23.76726
  }
}